time,current,voltage
2.8531136512756348,-54.22,0.00
3.889906167984009,-54.67,0.00
